ViolentCrimesPerPop,TotalPctDiv,PctUnemployed,PctPopUnderPov,agePct65up,race
1,1,0,0,0,1
1,1,0,0,0,1
1,1,1,1,0,1
0,0,1,0,0,0
0,0,0,0,0,1
0,1,0,0,0,0
0,0,0,0,1,1
1,1,1,1,0,0
1,1,1,1,1,1
1,0,0,0,0,1
1,0,1,0,0,0
0,0,0,0,1,1
0,0,0,0,1,1
0,0,0,0,0,1
1,1,0,0,0,1
1,0,1,1,1,1
1,0,1,1,1,1
0,0,0,0,0,1
1,0,0,0,0,1
0,0,1,1,1,1
1,1,1,1,0,1
1,1,0,1,0,1
1,1,1,1,1,1
1,1,1,1,1,1
1,0,1,1,0,0
0,1,0,1,0,1
1,1,1,1,0,0
0,1,1,1,1,1
1,1,1,1,1,1
0,0,0,0,0,1
1,1,0,1,1,1
1,1,0,1,1,1
1,0,1,1,0,1
1,1,1,1,1,1
0,1,0,0,0,0
1,1,1,1,1,1
0,0,0,0,0,1
1,0,1,1,1,1
0,1,1,1,0,1
0,1,0,0,0,1
0,0,1,0,1,1
0,0,1,0,1,1
1,1,1,1,1,0
1,1,0,0,1,1
1,0,0,0,1,1
1,0,1,1,0,1
1,0,1,0,0,1
0,0,1,1,1,0
0,1,0,0,0,1
0,1,1,1,1,1
1,1,1,1,1,1
1,1,1,1,0,1
1,0,0,0,1,1
0,0,0,0,0,1
0,1,1,1,0,1
1,1,1,1,1,1
1,1,0,0,0,1
1,1,1,1,1,1
1,1,1,1,0,1
0,0,0,0,1,1
0,0,0,0,1,1
0,1,0,1,1,1
0,1,1,1,1,1
1,1,1,1,0,1
1,1,1,1,1,1
0,1,0,0,0,1
1,1,0,1,1,1
0,0,0,0,0,1
1,1,1,1,1,0
0,1,0,1,1,1
0,0,0,0,0,1
1,1,0,0,0,1
0,0,0,1,0,1
0,0,0,0,0,1
0,1,0,0,1,1
1,0,1,0,1,1
0,1,1,1,0,1
1,1,1,1,1,0
1,1,1,1,1,1
1,1,0,0,0,1
1,0,1,1,1,1
1,1,1,1,1,1
1,1,1,1,1,1
0,0,0,0,1,1
0,0,1,1,0,1
0,1,1,1,1,1
0,0,0,0,1,1
0,1,0,0,1,1
1,1,1,1,1,1
1,1,0,0,1,1
1,1,0,1,0,1
0,0,0,0,0,1
0,0,0,0,0,1
0,1,0,0,0,1
1,1,0,0,0,1
1,0,1,0,1,1
1,1,1,1,1,1
0,0,0,1,0,1
0,0,1,0,0,1
0,1,1,0,1,1
1,1,1,1,0,1
0,0,1,0,1,1
1,1,1,1,1,1
1,1,1,1,0,1
0,0,0,1,1,1
1,1,1,1,1,0
1,0,1,1,0,1
0,0,0,0,0,1
1,0,1,1,1,1
1,1,1,1,0,1
1,0,0,0,1,1
0,0,0,0,1,1
0,0,0,0,0,1
1,1,0,0,0,0
1,1,1,1,1,1
0,0,0,0,0,0
1,1,1,1,0,0
0,0,0,0,1,1
0,0,0,0,1,1
1,1,0,0,1,1
1,1,0,0,0,1
0,0,0,0,1,1
0,0,0,0,0,1
0,0,0,0,0,1
1,0,1,0,1,1
1,0,1,0,1,1
1,0,0,0,0,1
0,0,0,1,0,0
1,0,1,1,0,0
0,0,1,0,1,1
1,1,1,1,1,0
1,0,0,0,0,1
0,1,1,1,1,1
1,0,0,0,0,1
0,0,0,0,1,1
0,0,1,0,1,1
0,0,0,0,1,1
1,1,0,0,0,1
1,1,1,1,1,1
0,0,0,0,1,1
0,0,0,0,0,1
0,0,1,0,0,1
1,1,1,1,0,0
0,0,0,0,0,1
1,1,1,1,0,1
1,0,1,1,0,1
1,1,1,1,0,0
0,0,1,1,1,1
1,1,1,1,1,0
1,1,0,1,1,1
1,1,1,1,0,1
1,1,1,1,0,0
0,0,1,0,1,1
1,0,1,0,1,1
1,1,1,1,1,0
1,1,1,1,0,0
0,0,0,0,1,1
1,1,1,1,1,0
1,1,0,1,1,1
0,0,0,0,0,1
0,0,1,1,1,1
0,0,0,0,1,1
1,0,1,0,1,1
0,0,1,0,1,1
0,0,0,0,1,1
1,1,0,0,0,1
0,0,1,1,0,1
1,1,0,1,1,1
1,1,0,1,1,0
1,1,1,1,1,1
1,1,1,1,1,1
0,0,0,0,1,1
0,1,1,1,1,1
1,0,1,1,0,0
1,1,1,1,1,1
1,0,0,0,1,1
0,0,0,0,0,1
1,1,1,1,0,0
0,1,1,1,1,1
1,1,0,0,1,1
0,1,1,1,1,1
1,1,1,1,1,0
1,0,1,1,1,0
0,0,0,0,0,1
1,1,0,0,1,1
1,1,0,1,0,0
0,0,0,0,0,1
0,0,0,0,0,1
0,0,0,0,1,1
0,0,0,0,0,1
0,0,1,0,0,0
1,0,1,0,0,1
0,0,1,1,0,1
0,0,0,0,0,1
0,0,0,0,0,1
0,0,1,0,0,1
0,0,0,0,0,1
1,1,1,1,1,0
1,1,1,1,1,1
1,1,1,1,1,0
1,1,0,0,0,1
0,0,0,0,1,1
1,1,1,1,0,1
1,0,1,0,0,0
0,0,0,0,1,1
1,1,1,1,0,1
1,1,0,0,0,0
1,0,1,0,1,1
0,0,0,0,1,1
1,0,1,1,0,1
1,1,0,0,0,0
0,0,0,0,1,1
1,1,0,1,0,1
0,0,0,0,1,1
1,0,0,0,0,1
1,1,1,1,1,1
0,1,0,0,0,1
0,0,1,0,0,1
1,1,1,1,1,0
0,0,0,0,1,1
0,0,0,1,1,1
1,1,0,1,0,1
1,1,1,1,0,1
0,0,0,0,1,1
1,0,0,0,1,1
0,1,1,1,1,1
1,1,1,1,1,1
1,1,1,1,1,1
1,0,1,1,1,0
1,1,1,1,1,0
0,1,1,1,1,1
0,0,1,0,1,1
1,1,1,1,1,1
1,1,1,1,0,0
0,0,1,0,0,1
0,0,1,1,1,1
1,0,0,1,0,0
0,0,0,0,0,1
1,0,0,0,1,1
1,1,0,1,0,1
0,0,0,0,0,1
0,1,0,1,1,1
1,1,1,1,0,1
1,0,1,1,0,0
1,1,1,1,0,1
1,1,0,0,1,1
1,1,1,0,0,0
1,1,1,1,1,1
1,1,1,1,1,0
0,0,1,1,1,1
1,1,0,1,0,0
1,1,1,1,1,1
0,0,0,0,0,1
0,0,1,0,1,1
0,0,0,0,0,1
1,1,0,1,0,0
1,1,1,1,1,1
0,0,0,0,1,1
0,1,1,1,1,1
0,0,1,1,0,0
1,1,0,1,1,1
1,1,1,1,1,1
1,1,1,1,1,0
0,0,0,0,0,1
0,0,1,0,1,1
0,1,0,0,1,1
1,1,1,1,0,0
1,1,1,0,1,1
0,0,1,1,0,1
1,1,1,1,1,1
0,0,1,0,1,1
1,1,1,1,1,1
1,1,0,1,1,1
1,1,1,1,1,1
0,0,1,0,0,1
1,1,1,1,0,0
1,1,1,1,1,0
0,0,0,0,1,1
0,0,1,0,0,1
0,0,0,1,0,1
0,0,1,1,1,1
0,0,1,1,1,1
0,0,0,1,1,1
1,1,0,1,1,1
1,0,1,0,1,1
0,1,1,1,1,0
1,1,1,1,1,1
0,0,0,0,0,1
1,1,1,1,1,1
0,0,1,0,1,1
0,0,1,0,1,1
0,0,0,1,0,1
0,0,0,0,0,1
1,1,1,1,1,1
0,0,1,1,1,1
0,0,0,0,0,1
1,1,1,1,0,0
0,0,0,0,0,1
1,0,1,1,0,0
1,1,1,1,1,1
0,1,0,1,0,1
0,1,0,1,1,1
1,0,1,1,0,1
1,1,1,1,1,1
0,1,1,0,0,1
1,1,0,0,1,1
1,1,1,1,0,1
1,1,1,1,1,1
0,0,0,0,0,1
0,0,0,0,1,1
1,1,1,0,0,1
0,0,0,0,0,1
1,0,1,0,1,1
1,1,1,1,1,1
1,0,0,0,0,1
1,1,1,1,1,1
1,1,1,1,0,0
1,0,1,1,0,0
0,0,0,0,1,1
1,1,1,1,1,1
1,1,0,1,0,1
0,1,1,1,1,1
0,0,1,1,1,1
1,1,1,1,0,0
1,1,1,0,0,1
1,0,1,1,0,0
0,0,1,1,1,1
1,0,0,0,0,1
1,0,1,1,0,1
1,0,1,1,1,0
0,0,0,0,0,1
1,1,1,0,0,1
0,0,0,0,1,1
1,1,1,1,1,0
1,1,1,1,1,1
0,0,0,0,1,1
0,0,1,1,0,1
0,0,0,0,0,1
0,1,1,0,1,1
0,0,0,0,0,1
0,0,0,0,1,1
0,0,0,0,1,1
0,0,0,0,0,1
0,0,1,0,1,1
0,1,0,1,1,1
1,0,1,1,0,1
1,1,0,1,1,0
0,1,1,1,0,1
0,0,0,0,1,1
0,0,0,1,0,1
0,0,0,0,1,1
0,1,1,1,1,1
0,0,0,1,1,1
0,0,0,0,0,1
0,0,0,0,0,1
1,0,1,1,1,1
0,0,0,0,1,1
0,0,1,0,1,1
0,1,1,1,1,1
0,0,0,0,0,1
1,0,1,1,0,1
1,1,1,0,1,1
1,1,1,1,1,0
0,1,0,1,0,1
0,1,1,0,1,1
1,1,1,1,1,1
1,1,1,1,1,1
0,0,1,1,0,0
0,0,1,1,0,1
0,0,0,0,1,1
1,1,1,1,1,0
1,1,0,0,0,1
0,0,0,0,0,1
0,0,1,0,0,1
1,1,0,1,1,1
1,0,0,0,1,1
0,0,0,0,0,1
0,1,1,1,0,1
1,1,0,0,1,0
1,1,0,0,0,1
1,1,1,1,1,1
0,0,0,0,0,1
0,0,0,0,1,1
1,0,1,1,0,1
1,1,1,1,0,0
1,0,0,1,1,1
1,0,1,0,0,0
1,1,1,1,1,1
1,0,1,0,0,1
0,0,0,0,0,1
0,0,0,0,1,0
0,0,0,0,0,1
1,1,1,1,0,0
1,1,1,1,0,1
0,0,0,0,0,1
0,1,1,1,1,1
1,0,1,1,0,0
0,1,0,0,1,1
1,1,0,1,1,1
1,1,1,1,1,1
1,1,1,1,1,1
1,1,1,1,0,0
0,1,1,1,1,1
1,0,1,1,0,0
1,1,1,1,1,0
1,1,1,1,0,0
1,1,1,0,1,1
1,1,1,1,0,1
1,1,1,1,1,0
1,1,0,0,1,1
1,1,1,1,1,0
1,1,1,1,1,1
1,1,0,1,1,1
1,1,1,1,1,0
0,0,0,0,0,1
0,0,1,0,1,1
0,1,0,0,1,1
0,0,1,0,1,1
1,0,0,0,1,1
0,0,1,1,1,1
1,1,1,1,1,0
1,0,1,0,1,1
0,0,0,0,1,1
1,1,1,1,1,1
0,0,0,0,1,1
1,1,1,1,0,1
0,0,0,0,0,1
1,1,1,1,1,0
1,0,1,1,1,1
1,1,1,1,1,1
0,0,1,0,1,1
1,1,1,1,0,0
0,0,0,0,1,1
1,1,1,1,1,0
0,0,0,0,0,1
0,0,0,0,1,1
0,0,1,1,1,1
0,1,0,0,1,1
1,1,0,0,0,0
1,1,1,1,1,1
1,1,0,0,0,1
1,1,1,1,1,1
0,1,1,1,1,1
0,1,0,0,0,1
1,1,1,1,1,0
0,1,1,1,1,1
1,1,1,1,1,1
1,1,1,1,0,0
0,0,0,0,0,1
0,0,0,0,1,1
1,1,1,1,1,0
0,0,1,1,1,1
1,1,1,1,1,1
0,1,1,1,1,1
1,1,1,1,1,1
0,0,0,1,0,1
0,1,0,0,1,1
1,1,1,1,0,0
0,1,1,0,1,1
0,0,0,0,0,1
1,1,1,1,1,0
0,0,0,0,0,1
1,0,1,1,0,0
1,0,1,0,0,1
1,1,1,1,1,1
0,1,1,1,1,1
1,0,0,0,0,1
0,0,0,0,1,0
1,0,1,0,1,1
0,0,0,0,1,1
1,1,1,1,0,1
0,0,0,0,0,1
1,1,1,1,1,0
1,1,0,1,1,1
1,1,1,1,1,0
1,1,1,1,1,1
0,1,1,1,1,1
1,0,1,1,1,0
0,0,0,0,1,1
1,1,1,1,1,1
1,1,0,1,1,1
1,0,0,0,0,1
1,1,1,1,1,1
0,1,0,0,0,1
0,0,0,0,0,1
1,1,1,1,0,1
0,1,0,0,0,1
0,1,1,1,0,1
1,1,1,1,1,1
0,0,0,0,1,1
0,0,0,0,0,1
1,1,1,1,1,0
0,0,0,0,0,1
0,0,0,0,0,1
1,1,1,1,0,0
1,1,1,1,1,0
1,0,0,0,0,1
1,1,1,1,1,1
0,0,0,0,1,1
1,1,1,1,0,0
0,0,1,0,0,1
1,1,0,1,0,1
0,0,0,0,1,1
0,0,1,1,0,1
1,1,1,1,0,1
1,1,1,1,1,1
0,1,1,1,1,1
0,1,0,0,0,1
1,1,1,1,0,0
0,0,1,1,1,1
0,1,0,0,0,1
1,1,1,1,1,1
1,1,1,1,1,1
1,1,0,0,1,1
1,0,0,1,1,1
0,0,0,0,0,1
1,0,0,0,1,1
0,1,1,1,0,1
0,1,1,1,0,1
0,0,0,1,1,1
0,0,0,0,1,1
1,0,1,0,0,1
1,1,1,1,0,1
1,1,1,1,1,0
0,1,1,1,1,1
1,1,1,1,0,1
1,1,1,1,1,0
0,1,1,1,1,1
1,0,1,1,0,0
0,0,0,0,1,1
0,0,0,0,1,1
1,1,0,0,0,1
1,1,1,1,1,1
1,0,0,0,0,1
0,0,1,1,1,1
1,1,0,0,0,1
0,0,0,0,0,1
1,1,0,0,0,1
0,0,0,0,1,1
1,1,1,1,1,0
1,0,0,0,0,1
0,1,0,0,0,0
0,0,0,0,1,1
0,0,0,0,1,1
1,1,1,1,0,0
1,1,1,1,0,0
0,0,1,0,1,1
1,0,0,0,1,1
0,0,0,0,0,1
1,1,1,1,1,1
0,0,0,0,0,1
0,1,1,1,1,1
1,0,1,0,0,0
1,0,0,0,1,1
0,0,0,0,0,1
1,1,1,1,1,0
0,1,1,1,1,1
1,1,1,1,0,1
1,1,0,0,0,1
0,1,0,0,0,1
1,1,1,1,1,0
0,0,0,0,1,1
0,0,0,0,1,1
1,1,1,1,1,1
1,1,1,1,0,0
0,0,1,1,1,1
1,1,1,1,1,1
1,0,0,0,0,1
1,1,1,1,0,0
1,1,1,1,1,1
1,0,0,0,0,0
0,1,0,0,1,1
0,0,1,0,1,1
1,0,0,1,0,1
0,0,0,0,1,1
0,0,0,0,1,1
0,0,0,0,1,1
0,0,0,0,0,1
0,1,0,0,1,1
0,0,1,0,1,1
0,0,1,0,1,1
1,0,0,0,1,1
1,1,1,1,1,1
0,1,1,1,1,1
0,0,0,0,1,1
0,0,0,0,1,1
1,1,1,1,0,0
1,0,1,1,0,0
0,0,0,0,1,1
0,0,0,1,0,1
1,1,1,1,1,0
1,1,1,1,0,0
0,0,0,0,0,1
0,0,0,0,1,1
0,0,0,0,1,1
0,1,1,1,1,1
1,0,0,0,1,1
1,0,1,0,1,1
1,1,0,1,0,1
0,0,1,1,1,0
1,1,1,1,0,0
1,1,1,1,0,1
1,1,1,1,1,1
0,1,0,0,1,1
1,1,1,1,0,0
1,1,0,0,0,1
0,0,1,1,1,1
0,1,1,0,0,1
1,0,1,1,1,1
0,0,0,0,0,1
1,1,0,0,0,1
0,1,1,1,1,1
1,1,1,0,1,1
0,0,1,1,1,1
1,1,1,1,1,1
1,1,1,1,1,1
0,0,0,0,1,1
1,1,0,1,0,1
1,1,1,1,1,0
0,0,0,0,0,0
1,1,1,1,0,0
0,0,1,1,0,1
0,1,1,0,0,1
0,0,1,0,1,1
1,1,1,1,0,0
0,1,1,1,0,1
0,0,1,0,1,1
0,0,0,0,1,1
0,1,1,1,1,1
1,0,0,0,1,1
1,1,1,1,0,0
1,1,1,1,0,0
0,1,0,1,1,1
1,1,1,1,0,0
0,1,1,1,1,1
0,1,0,0,0,1
1,0,1,1,1,0
1,1,1,1,0,1
1,0,0,0,1,1
1,0,0,0,0,1
1,0,1,1,0,0
1,1,1,1,0,0
1,0,0,0,0,1
0,0,0,0,0,1
0,0,0,0,0,1
1,1,0,0,0,1
0,0,1,1,0,0
0,0,0,0,1,1
1,1,1,1,0,0
0,0,1,1,1,1
1,0,1,1,0,1
1,0,0,0,0,1
0,0,0,0,0,1
0,0,0,0,1,1
0,1,1,1,1,1
0,0,0,0,1,1
1,1,1,1,1,1
0,0,0,0,1,0
1,0,0,0,1,0
1,1,0,0,1,1
1,0,1,1,0,0
0,0,0,0,0,1
1,1,0,1,0,0
1,1,1,1,0,1
0,1,1,1,1,1
1,1,0,0,0,1
1,0,0,0,1,1
1,1,1,1,0,0
1,0,1,1,0,0
1,0,1,1,0,0
1,1,1,1,0,1
0,0,0,0,0,1
0,0,0,0,0,1
1,1,1,1,1,1
1,1,1,1,1,1
1,1,1,1,1,0
1,1,1,1,1,0
0,1,0,0,1,1
1,1,1,1,1,0
0,0,0,0,0,1
1,1,1,1,0,0
1,1,1,1,0,1
1,1,1,1,1,0
1,1,1,0,1,1
1,1,1,1,1,1
0,0,0,0,0,1
1,1,1,1,1,1
1,0,1,1,0,0
1,1,1,1,1,1
0,0,0,0,0,0
0,0,0,0,0,1
1,1,1,1,1,0
1,1,1,1,0,0
1,1,1,1,1,0
1,1,1,1,1,1
1,1,1,1,0,0
0,0,0,0,0,1
0,1,1,1,0,1
1,1,1,1,0,1
1,0,1,1,0,0
1,1,1,1,0,0
0,1,1,1,1,1
0,1,1,1,1,1
0,0,1,0,0,1
1,1,0,0,1,1
1,1,0,0,0,1
1,1,1,1,1,1
1,1,1,1,1,1
1,1,0,1,1,1
0,0,0,0,1,1
0,0,0,0,1,1
1,1,1,1,1,1
0,0,0,0,0,1
0,0,0,1,0,1
1,1,1,1,1,1
1,0,0,0,1,0
1,1,0,0,0,1
0,0,0,0,0,1
1,0,1,1,1,1
0,0,0,0,0,1
1,1,0,0,0,1
0,1,0,0,0,1
1,1,0,0,1,1
1,1,1,1,0,0
1,0,0,1,1,1
0,0,0,0,1,1
1,1,1,1,0,0
1,1,1,1,1,0
0,1,1,1,1,1
1,1,1,0,1,0
0,0,0,0,1,1
1,0,0,1,1,1
1,1,1,1,1,0
1,1,1,1,1,1
0,0,0,0,1,1
1,1,1,1,1,0
1,1,1,1,1,1
0,0,1,1,0,1
1,1,1,1,1,1
0,0,0,0,0,1
1,1,0,0,0,1
1,0,1,0,0,1
1,1,1,1,1,0
0,1,0,1,0,1
0,0,0,0,0,1
1,1,0,0,0,1
0,0,0,1,1,1
1,0,1,0,1,1
0,0,0,0,1,1
0,1,0,0,0,1
0,0,1,1,0,0
0,1,0,0,0,1
0,1,1,1,1,1
0,0,1,1,0,1
0,0,1,0,0,1
1,1,1,1,0,1
0,0,0,0,1,1
1,0,0,1,0,1
1,1,1,0,0,0
1,0,0,0,0,1
1,0,1,1,0,0
1,1,0,1,1,1
1,0,0,0,0,1
1,1,1,1,0,1
0,0,0,0,1,1
0,0,0,0,0,1
1,1,1,1,0,1
1,1,1,1,1,1
0,0,1,1,0,1
1,1,1,1,0,0
1,1,0,1,0,1
0,0,0,0,0,1
1,1,1,1,1,0
0,0,1,1,1,1
1,1,1,1,1,1
1,1,0,1,1,1
1,1,1,1,0,0
1,1,1,1,1,1
0,1,0,0,0,1
1,1,1,1,1,1
1,0,1,1,0,0
1,1,1,1,1,0
0,1,1,1,1,1
1,1,1,1,1,0
0,0,0,0,0,1
0,0,0,0,0,1
1,0,0,1,0,1
0,0,0,0,1,1
0,0,0,0,1,1
0,0,0,0,1,1
1,1,1,0,1,1
1,1,1,1,1,0
0,0,0,0,0,1
1,0,0,0,1,1
0,1,1,1,1,1
1,1,1,0,0,1
0,0,0,0,0,1
0,1,1,1,1,1
0,0,1,1,1,1
0,1,0,0,0,1
0,0,0,0,0,1
1,1,1,0,1,0
0,0,0,0,0,1
1,1,1,1,1,1
1,1,1,1,1,1
0,1,1,0,1,1
0,1,0,0,1,1
0,1,0,1,1,1
1,1,1,1,0,1
0,0,1,1,0,1
1,1,1,1,1,0
1,1,1,0,0,0
0,1,1,1,1,1
0,0,1,0,1,1
0,1,1,1,1,1
0,0,0,0,0,0
0,1,0,0,1,1
0,0,1,0,1,1
1,0,1,0,1,1
1,0,1,1,0,0
0,0,0,0,0,1
1,1,1,1,0,0
0,1,1,1,1,1
0,0,0,0,0,1
0,0,0,0,0,1
0,0,0,0,0,1
0,1,0,0,0,1
1,1,0,0,1,1
1,1,1,1,1,0
1,1,1,1,0,1
0,1,0,0,1,1
0,0,0,0,1,1
0,0,1,0,1,1
0,0,0,0,1,1
0,0,0,0,1,1
1,1,1,1,0,1
1,1,1,1,1,1
0,1,0,0,1,1
0,0,0,0,1,1
0,0,0,0,0,1
1,1,0,0,0,1
1,1,1,1,0,0
1,0,0,0,0,0
1,1,1,1,1,1
1,1,0,0,1,1
1,1,1,1,0,0
1,1,0,1,1,1
1,1,1,1,0,1
0,1,0,0,0,1
0,0,0,0,1,1
0,0,1,1,0,0
0,0,0,0,0,1
0,1,1,1,1,1
0,0,0,0,0,1
1,0,1,1,1,0
1,1,1,1,1,0
1,0,1,1,0,1
1,1,1,1,1,0
1,1,1,1,1,1
1,0,1,1,0,0
0,0,0,0,1,1
0,0,1,1,1,0
1,1,0,1,1,1
0,0,0,0,1,1
1,0,1,1,0,0
0,1,1,1,0,1
1,1,1,1,0,0
1,1,0,1,1,1
1,1,0,1,0,1
1,0,1,1,0,1
1,1,1,1,1,0
1,1,1,1,0,0
0,0,0,0,0,1
1,0,0,0,0,1
1,1,0,1,0,1
0,0,0,0,0,1
1,1,1,1,1,0
1,0,0,1,0,1
0,0,0,0,0,1
0,0,1,1,1,1
0,1,1,1,1,1
0,1,0,0,0,1
0,0,0,0,0,1
1,1,1,1,1,1
0,1,1,0,1,1
1,1,0,0,1,0
1,1,0,0,0,0
0,0,0,0,1,1
0,0,0,0,1,1
1,1,0,0,0,1
1,0,0,0,1,1
0,0,0,0,0,1
0,0,0,0,0,1
0,0,0,1,0,1
0,0,1,1,0,1
0,0,0,0,0,1
1,0,0,1,0,1
1,1,1,1,1,1
1,1,1,1,1,1
1,1,0,1,1,1
0,0,0,0,1,1
0,0,0,0,1,1
1,0,1,0,0,1
1,0,0,1,0,1
0,0,0,0,0,1
0,0,1,0,0,1
1,1,1,1,0,0
0,0,0,0,1,1
0,0,0,0,0,1
1,1,1,1,0,0
0,0,0,0,0,1
0,0,0,0,0,1
0,0,0,0,1,1
1,0,1,0,1,1
0,0,1,1,0,1
0,0,0,0,0,1
0,0,0,0,1,1
1,1,1,1,1,0
0,1,1,1,0,1
0,1,0,0,1,1
1,1,0,1,1,1
0,0,0,0,0,1
1,0,1,0,1,1
1,0,1,0,1,1
1,0,1,1,1,1
0,1,1,1,1,1
1,1,0,0,1,1
0,1,1,1,1,1
1,0,1,1,1,1
1,1,0,0,0,0
0,0,0,0,0,1
1,1,1,1,0,0
0,1,0,0,0,1
0,0,0,0,0,1
0,1,0,0,0,1
0,0,0,0,0,1
1,1,1,0,0,1
0,0,0,0,1,1
1,1,0,1,1,1
0,0,0,0,0,1
1,1,1,1,1,1
0,1,0,1,0,1
1,1,0,0,1,1
0,0,0,0,1,1
1,1,1,0,0,1
1,1,1,1,1,0
1,0,0,0,0,0
1,0,1,1,0,0
1,0,1,1,0,1
0,0,0,0,1,1
1,0,1,0,0,1
0,1,1,1,1,1
1,0,1,1,1,0
1,1,1,1,1,0
1,0,1,1,1,1
1,1,1,1,0,0
0,0,1,0,0,1
1,1,1,1,1,1
1,1,1,1,1,1
1,1,1,1,0,0
1,1,1,1,1,1
1,0,1,1,0,0
0,0,0,0,1,1
0,0,0,0,1,1
0,0,0,0,0,1
1,1,0,0,0,1
1,1,1,1,1,0
0,0,0,0,0,1
1,1,0,0,1,1
1,1,1,1,1,1
1,1,1,1,1,0
0,0,0,0,0,1
1,1,1,1,1,1
1,1,1,1,0,0
1,0,0,0,1,1
0,0,1,0,1,1
1,1,1,1,0,0
1,1,1,1,0,1
1,1,1,1,1,1
0,1,1,1,1,1
1,1,0,0,0,1
0,1,1,1,1,1
1,1,1,1,1,1
0,1,0,0,0,1
0,0,1,0,1,1
0,0,0,0,1,1
1,0,0,0,0,0
0,0,0,0,1,1
0,0,1,0,0,1
0,0,0,1,1,1
0,1,1,1,1,1
1,1,1,1,0,0
1,1,0,1,1,1
0,0,1,1,1,1
0,0,0,1,0,1
1,1,0,1,1,1
0,1,0,0,1,1
0,1,0,1,1,1
1,0,1,1,0,0
0,0,0,0,0,1
0,0,0,0,0,1
1,1,1,1,0,0
1,1,0,0,1,1
0,1,0,1,1,1
1,1,0,1,0,0
0,0,0,0,0,0
1,1,1,1,1,0
0,0,0,0,0,1
1,1,1,1,0,1
0,0,0,0,0,1
0,0,0,0,0,1
1,1,1,1,0,0
1,1,1,1,0,1
0,0,0,0,1,1
1,1,0,0,0,0
1,1,0,1,1,1
0,1,1,1,1,1
0,0,0,0,0,1
0,1,0,0,0,0
0,0,0,0,0,1
0,1,1,1,0,0
1,1,1,1,0,1
0,1,0,0,0,1
0,0,0,0,1,1
0,1,0,0,0,1
1,1,1,1,1,0
1,1,0,0,0,1
0,0,0,0,0,1
1,0,0,1,0,1
1,1,1,1,0,0
1,1,1,1,0,0
0,0,1,0,0,1
0,0,1,0,1,1
0,1,1,0,0,1
0,1,1,1,0,1
0,0,0,0,1,1
0,0,0,0,1,1
1,0,1,0,0,1
1,0,1,1,0,1
1,1,1,1,1,0
1,1,0,1,1,1
1,1,1,1,1,0
0,0,0,0,1,1
0,0,0,0,1,1
1,1,1,1,0,0
0,0,0,0,1,1
0,0,0,0,1,1
0,1,0,0,1,1
0,0,0,0,1,1
0,1,1,1,1,1
0,0,0,1,0,1
1,1,1,1,0,1
1,1,1,1,1,0
1,1,1,1,0,1
1,1,1,1,1,1
1,1,1,1,0,1
1,1,1,1,0,0
1,0,0,0,1,1
1,1,1,1,0,0
1,1,0,0,1,1
1,1,1,0,0,0
0,0,0,0,1,1
0,0,0,0,1,1
0,1,0,1,1,1
1,1,1,1,1,1
1,0,1,1,0,0
0,0,0,0,0,1
1,1,1,0,0,1
0,1,0,0,0,1
1,1,1,1,1,1
1,0,0,0,1,1
1,1,1,1,0,1
0,1,0,0,0,1
1,1,1,1,0,0
1,0,0,0,1,1
0,1,1,1,1,1
0,0,0,0,1,1
1,1,0,1,1,1
1,0,0,0,1,0
0,0,1,0,1,1
0,0,1,1,1,1
1,0,1,1,0,1
0,0,0,0,0,1
1,1,1,1,1,1
0,0,0,0,0,1
1,1,1,1,0,1
0,0,0,1,0,1
0,0,0,0,0,1
0,0,0,0,1,1
0,0,0,0,0,1
1,1,0,0,0,1
1,1,1,1,1,1
0,0,1,0,0,1
1,1,1,1,1,0
1,1,1,1,1,1
1,1,1,1,1,0
1,1,1,1,1,1
0,1,0,0,0,1
1,1,1,0,0,1
1,1,1,1,0,0
0,0,1,0,1,1
0,0,0,0,1,1
1,0,0,0,0,1
1,1,1,1,1,1
1,1,1,1,0,1
0,1,1,1,1,1
0,0,1,1,0,1
0,0,1,1,0,1
1,1,1,1,0,1
0,0,0,0,0,1
0,0,1,1,1,1
0,0,0,0,0,1
0,0,0,0,1,1
0,0,0,0,1,1
0,0,0,0,1,1
0,1,0,0,0,1
1,1,1,1,1,1
1,1,0,0,0,1
1,0,0,0,0,1
1,1,1,1,1,0
1,0,0,0,0,0
0,0,0,0,0,1
0,1,1,1,0,1
0,1,0,0,0,1
0,0,0,0,1,1
1,1,1,1,1,0
1,1,0,0,0,0
0,0,0,0,1,0
1,1,0,0,1,1
1,1,1,1,1,1
0,0,0,0,0,1
0,1,0,0,1,1
0,0,1,0,1,1
0,0,0,0,0,1
1,1,1,1,1,0
1,1,1,1,1,1
1,0,1,1,0,1
0,0,0,0,0,1
0,1,0,0,0,0
0,1,1,0,1,1
1,1,0,1,1,1
0,0,1,0,1,1
1,1,1,1,1,0
0,0,1,0,0,1
1,1,0,0,0,1
1,0,1,1,0,1
1,0,1,1,0,0
0,0,1,0,1,1
0,0,0,0,1,1
1,1,1,1,1,0
0,0,0,0,0,1
1,1,1,1,1,1
0,1,0,0,1,1
1,1,1,1,1,1
1,1,1,1,1,0
0,0,0,0,0,1
1,1,1,1,1,1
1,1,1,1,1,1
0,0,0,0,1,1
1,1,1,1,0,0
1,0,1,1,0,0
1,1,0,0,1,1
1,1,0,0,1,1
0,0,0,0,0,1
1,1,1,1,0,0
1,1,1,1,1,1
1,1,0,1,1,1
0,0,0,0,1,1
0,1,1,1,1,1
1,1,1,0,0,0
1,1,1,1,1,1
1,0,1,1,0,0
1,1,0,0,0,1
0,0,0,0,0,1
0,0,0,0,0,1
1,1,1,1,1,1
0,0,0,1,1,1
0,0,0,1,0,1
0,0,0,0,0,1
0,0,0,0,1,1
1,1,1,1,1,1
1,1,0,0,0,1
1,1,1,1,1,0
1,1,1,1,0,0
0,0,0,0,0,1
1,1,0,0,0,1
0,0,0,0,1,1
1,0,1,1,0,0
1,0,1,0,1,1
1,1,0,1,1,1
0,1,0,0,0,1
1,1,0,0,0,1
1,1,1,1,1,1
0,0,0,0,1,1
0,0,1,0,1,1
1,0,0,0,1,1
1,1,1,1,0,0
0,0,0,0,0,1
0,0,0,0,0,1
0,1,1,1,1,1
1,1,1,1,0,0
0,0,0,0,1,1
0,1,1,1,1,1
0,0,0,0,1,1
1,0,0,0,1,1
0,0,0,0,0,1
0,1,1,0,0,1
1,1,1,1,1,1
1,1,1,1,0,0
1,0,0,0,0,1
0,0,1,0,1,1
1,1,1,1,1,1
0,0,0,0,0,1
0,0,1,0,0,1
0,0,0,0,1,1
0,0,0,0,0,1
1,1,0,0,0,1
1,1,1,1,1,1
0,0,0,0,0,1
0,0,0,0,1,1
1,1,1,1,0,1
0,0,0,0,1,1
1,1,0,1,1,1
1,1,1,1,0,1
0,1,0,0,0,1
1,0,1,0,1,1
0,0,0,0,1,1
1,0,0,0,1,1
0,0,0,0,0,1
1,1,1,1,1,1
0,1,1,1,1,1
0,0,0,0,0,1
1,1,1,0,0,1
1,1,1,1,1,1
0,0,0,0,1,1
1,1,1,1,1,1
0,0,0,0,0,1
1,1,1,1,1,1
0,0,0,0,1,1
1,1,1,1,1,1
1,1,1,1,0,1
0,0,0,1,1,1
0,0,1,0,0,1
0,0,1,0,1,1
1,1,1,1,1,1
0,0,0,0,0,1
1,1,1,1,1,1
0,0,1,0,0,1
0,0,0,0,1,1
1,0,0,0,1,1
1,1,1,1,1,0
1,1,0,0,0,1
0,0,0,0,0,1
1,1,1,1,1,0
0,1,0,0,1,1
0,0,0,0,1,1
1,1,0,0,0,1
1,1,1,1,0,0
1,0,1,0,0,1
0,1,1,1,1,1
0,0,0,0,0,1
1,1,1,1,1,0
1,1,1,1,0,0
1,1,0,0,1,0
0,0,0,0,1,1
1,1,1,1,0,1
0,0,0,0,0,1
0,1,0,0,1,1
0,0,0,0,1,1
1,1,1,1,0,0
1,1,1,1,0,0
1,1,1,1,0,1
0,0,0,0,0,1
1,1,1,1,1,0
1,1,1,1,1,0
1,0,0,0,0,1
0,0,0,0,1,1
0,0,1,0,1,1
0,1,0,0,0,1
1,1,1,1,1,1
0,0,0,0,0,1
0,0,0,0,0,0
0,1,1,1,1,1
1,1,1,1,1,1
0,0,0,0,0,1
1,1,1,1,0,0
1,1,1,0,1,1
1,1,0,1,0,1
0,0,0,1,1,1
1,0,1,1,0,1
1,1,1,1,0,1
0,1,1,1,1,1
1,1,1,1,0,0
0,1,1,1,1,1
1,0,0,0,1,1
1,1,1,1,1,0
1,1,1,1,1,1
0,0,0,0,0,1
0,0,1,1,0,1
1,1,1,1,1,0
1,1,1,1,1,1
1,1,1,1,1,1
0,0,0,0,1,1
1,0,1,1,0,0
1,0,0,0,0,1
0,1,0,0,1,1
1,1,1,1,0,1
1,1,1,1,0,0
0,1,0,1,1,1
0,0,0,0,1,1
1,1,1,1,1,0
0,0,0,1,0,1
1,1,1,1,1,1
1,1,1,1,0,1
1,0,0,0,0,1
1,0,1,0,1,1
0,0,0,0,0,1
0,0,0,0,0,1
0,0,0,0,0,1
0,1,0,0,1,1
1,1,1,1,1,1
1,1,1,1,0,0
0,0,0,0,0,1
0,0,1,1,0,1
1,1,1,1,1,1
1,1,0,0,1,1
1,1,0,1,0,1
0,1,1,0,0,1
0,0,1,0,1,1
1,0,1,1,0,1
0,0,0,0,0,1
1,1,1,1,1,1
0,1,0,0,1,1
1,1,1,1,0,1
0,0,0,0,0,1
0,0,0,1,1,1
0,0,0,0,0,1
0,0,0,0,1,1
1,1,1,1,1,1
0,0,0,0,0,1
0,1,0,1,1,1
1,1,1,1,0,1
0,0,0,1,1,1
0,0,1,1,0,1
0,0,1,1,1,1
0,0,0,0,0,1
0,1,1,1,1,1
0,0,0,0,1,1
0,1,0,1,1,1
0,0,0,0,1,1
1,0,1,1,0,0
1,1,1,1,1,1
0,1,0,0,0,1
1,1,1,1,1,0
0,1,1,0,0,0
0,0,0,0,1,1
0,0,0,0,1,1
1,1,0,0,0,1
1,1,0,0,1,0
1,1,1,1,1,1
1,0,1,1,0,1
0,1,1,1,0,1
1,0,1,1,1,1
0,0,0,0,1,1
1,1,1,1,0,0
0,0,0,0,0,1
1,1,0,0,1,1
1,0,1,1,0,0
0,0,0,0,1,1
0,1,0,0,0,0
1,1,1,1,1,0
0,0,1,1,0,1
1,0,1,1,0,0
1,1,1,0,0,0
0,0,0,1,0,1
0,0,1,1,1,1
1,1,1,1,0,0
0,1,0,0,0,1
1,1,1,1,0,0
1,1,1,1,1,0
1,1,1,1,1,0
0,0,0,0,1,1
1,1,1,1,1,1
1,0,1,1,0,1
1,0,0,0,0,0
0,0,0,1,1,1
1,1,0,0,0,1
0,0,0,0,0,1
0,1,1,1,1,1
1,1,1,1,1,1
1,0,1,0,1,1
0,0,0,0,1,1
1,1,1,1,1,0
1,1,1,1,1,1
0,1,1,1,1,1
0,0,0,0,0,1
1,0,1,0,1,0
1,0,1,1,0,0
0,0,1,1,1,1
0,0,0,0,1,1
0,0,0,0,0,1
0,0,0,0,0,1
1,0,1,1,0,0
0,0,0,1,1,1
1,0,1,1,1,1
0,0,0,0,0,1
0,0,1,0,0,1
0,0,1,1,0,1
0,0,0,0,1,1
0,0,0,0,1,0
1,1,0,0,1,1
1,0,0,0,1,1
0,0,1,0,1,1
1,0,1,1,0,0
0,0,0,0,1,1
0,1,0,0,1,1
1,0,0,0,0,1
1,0,0,0,1,1
0,0,0,0,0,0
0,0,0,0,0,1
1,1,1,1,1,1
1,0,1,1,1,1
0,0,0,0,0,1
0,1,0,0,1,1
0,0,0,0,1,1
0,1,1,0,0,1
0,0,0,0,0,1
1,0,0,1,1,1
1,1,1,1,1,0
0,0,0,0,1,1
0,0,1,0,0,1
1,1,1,1,0,0
1,1,1,1,1,1
0,0,0,0,1,1
0,0,0,0,1,1
1,1,0,0,1,1
1,1,1,1,0,0
0,0,0,0,1,1
1,0,1,1,0,0
0,0,0,0,1,1
0,0,0,0,1,1
1,1,1,1,0,0
0,1,0,0,0,1
0,0,0,0,0,1
1,1,1,1,0,1
1,0,1,0,1,0
1,1,1,1,0,1
0,0,1,1,0,1
0,0,0,0,0,1
0,1,1,0,1,1
1,1,1,1,1,0
1,1,1,1,0,1
1,0,0,0,0,1
0,1,1,1,1,1
1,0,0,0,0,1
0,1,0,0,0,1
1,0,1,1,0,0
1,0,1,0,0,0
0,0,0,0,0,1
1,1,0,0,1,0
0,0,0,0,1,1
0,0,1,0,0,1
0,0,0,0,0,1
0,0,0,0,1,1
0,0,0,0,0,1
1,1,1,0,0,1
1,1,0,0,1,1
1,1,0,0,1,1
0,0,0,1,0,1
1,1,1,1,1,1
0,0,1,1,0,0
0,1,0,0,0,1
1,0,1,1,1,0
0,1,0,1,1,1
0,0,0,0,0,1
1,1,1,1,1,1
0,0,1,1,1,1
1,0,1,1,0,0
0,0,0,0,1,1
1,1,1,1,0,0
1,1,1,1,1,1
1,1,1,1,0,0
0,1,0,0,0,1
0,0,0,0,1,1
0,0,0,0,1,1
0,0,0,0,0,1
1,1,1,1,1,0
1,1,0,0,0,1
0,1,1,1,1,1
0,0,0,0,0,1
0,0,0,0,1,0
1,1,0,0,0,1
1,1,1,1,1,0
0,0,0,0,0,1
1,1,1,1,1,0
0,1,0,0,1,1
0,1,0,0,0,1
0,1,1,1,1,0
0,0,0,0,0,1
0,1,0,0,0,1
0,0,0,0,1,0
1,1,1,1,0,1
1,1,1,1,1,1
1,0,1,0,1,1
0,1,1,1,1,1
1,0,1,1,1,1
1,1,1,1,1,1
1,1,1,1,1,1
1,1,0,1,0,0
1,1,1,1,1,0
0,1,1,1,1,1
1,0,1,1,0,1
1,1,1,1,1,1
1,0,0,0,1,1
1,1,0,1,0,0
0,0,0,0,1,1
0,0,0,0,0,1
0,1,0,0,1,1
1,1,1,1,1,1
0,0,0,0,1,1
0,0,0,0,1,1
0,0,1,0,0,1
0,0,0,0,0,1
1,0,1,1,0,1
1,1,1,1,1,0
0,1,0,1,1,1
1,1,1,0,1,1
1,1,1,1,0,1
1,1,1,1,1,1
0,1,0,0,0,1
0,0,0,0,1,1
0,0,0,0,0,1
1,1,1,0,0,1
1,1,0,0,0,1
1,1,1,1,0,0
0,0,1,0,1,1
1,1,1,1,1,0
1,1,1,1,1,1
1,1,1,1,0,1
1,1,0,1,1,1
1,1,1,1,1,1
1,1,0,1,1,0
1,1,0,1,0,0
1,1,1,1,0,0
1,1,1,1,0,1
1,1,0,0,0,1
0,0,0,1,0,1
1,1,0,0,0,1
0,0,0,0,1,1
0,1,0,0,0,1
0,0,0,0,1,1
1,1,0,1,0,1
0,1,1,1,1,1
0,1,1,1,1,1
1,1,0,1,1,1
1,0,1,0,1,1
1,1,1,1,1,1
1,1,0,0,0,0
1,0,0,1,1,1
0,0,1,1,0,1
1,1,1,0,0,1
0,0,0,0,1,1
0,1,0,0,0,1
1,1,1,1,1,0
1,0,1,0,0,0
0,0,0,0,0,1
1,1,1,1,0,1
1,1,1,1,0,1
0,1,1,1,1,1
1,1,1,1,0,0
1,1,1,1,1,1
0,0,0,0,0,1
0,0,0,0,1,1
1,1,1,1,0,1
1,1,1,1,1,1
1,0,0,0,0,1
0,0,0,0,0,1
0,1,0,1,0,1
0,1,0,0,1,1
0,0,0,0,1,1
1,1,1,1,1,0
0,0,0,0,1,1
1,1,1,1,0,0
0,0,0,0,0,1
1,1,0,0,0,1
0,0,1,1,1,0
0,0,0,0,1,1
0,1,1,1,1,1
0,1,1,1,1,1
0,0,0,0,0,1
1,1,1,1,1,1
0,1,0,0,0,0
0,0,1,1,1,1
0,0,0,0,1,1
1,0,1,1,1,1
1,1,1,1,0,0
0,0,0,0,0,1
1,1,1,1,1,1
1,1,0,0,0,0
0,0,0,0,0,1
0,0,1,0,0,1
1,1,1,1,1,0
0,1,0,1,0,1
1,1,0,0,0,1
0,0,1,1,1,1
0,1,1,1,1,1
0,0,0,0,1,1
1,0,1,1,0,0
0,0,1,1,0,0
0,0,0,0,0,1
1,1,1,1,0,1
0,0,1,0,1,1
1,1,1,1,0,0
1,0,0,0,0,1
0,0,0,0,0,1
0,0,0,0,1,1
0,0,0,0,1,1
1,1,1,1,0,1
0,0,0,0,0,1
1,1,1,1,0,0
0,1,1,1,1,1
0,0,0,0,0,1
0,0,0,0,1,1
1,1,1,1,0,1
1,1,0,0,0,1
1,1,1,1,1,1
1,0,1,1,1,1
0,0,0,0,0,1
1,0,1,1,0,0
0,0,0,1,0,1
0,0,1,1,1,1
0,0,0,0,1,1
1,1,0,0,0,1
1,1,1,1,1,0
0,0,0,0,1,1
0,0,0,0,1,1
1,1,1,1,1,1
0,0,0,0,0,1
1,0,0,0,1,1
0,0,0,0,1,1
1,1,1,1,1,0
1,1,1,1,0,1
0,0,0,0,1,1
0,0,1,0,0,1
1,1,1,1,0,1
0,0,1,1,0,1
0,0,0,0,1,1
1,1,1,1,1,0
0,0,0,0,1,1
1,1,1,0,0,1
0,0,0,0,1,1
1,1,0,1,0,1
0,0,1,0,0,1
0,1,1,0,1,1
0,1,0,0,1,1
1,1,1,1,1,1
0,0,0,0,0,1
0,0,0,0,0,1
0,0,0,0,1,1
0,0,0,0,0,1
0,0,0,0,0,1
1,1,1,1,0,0
1,1,1,1,0,0
1,1,1,0,1,1
1,1,1,1,1,1
0,0,1,1,1,1
0,0,0,0,0,1
0,0,0,0,1,1
0,0,0,0,1,1
1,0,1,1,0,0
1,1,1,1,1,0
1,1,1,1,1,1
0,0,1,0,1,1
1,1,0,0,1,1
0,0,1,1,0,1
1,0,1,0,0,1
1,0,1,0,1,1
1,1,1,1,1,0
1,1,1,1,1,0
0,0,0,0,1,1
0,1,0,0,0,1
0,0,0,0,1,1
0,0,1,1,0,1
1,0,0,0,0,0
1,1,1,1,1,0
0,1,0,0,0,1
1,1,1,1,0,1
0,0,0,0,0,1
0,0,0,0,0,1
1,0,0,1,0,1
1,0,1,1,0,0
1,1,1,1,0,0
1,1,1,1,1,0
0,1,0,0,0,1
0,0,0,0,0,1
1,1,0,0,0,1
0,0,0,0,0,1
0,0,0,0,0,1
1,1,1,1,1,0
1,1,1,1,0,0
1,1,1,1,0,1
0,0,0,0,1,1
0,1,0,0,0,1
1,1,1,1,1,0
0,0,0,0,0,1
0,0,0,0,0,1
0,1,0,1,0,1
1,1,1,1,1,0
0,0,0,0,1,1
1,1,0,0,1,0
1,0,1,1,0,0
1,1,1,1,0,1
1,0,0,0,1,0
0,0,0,0,1,1
0,1,0,0,1,1
0,1,1,0,0,1
0,0,0,0,0,1
1,1,1,1,1,1
1,1,1,1,1,0
1,1,0,1,1,1
0,1,1,1,0,1
1,1,1,1,1,1
0,0,1,0,0,1
0,0,0,0,0,1
1,1,0,0,0,1
0,0,1,0,0,1
1,1,1,1,1,0
1,1,1,1,1,1
1,0,1,1,0,1
1,0,1,1,1,1
1,1,0,1,0,1
0,0,1,0,0,1
1,1,1,1,0,1
0,1,1,1,1,1
0,0,1,0,0,1
0,1,0,0,0,1
0,1,0,0,1,1
1,1,0,0,0,1
1,1,0,0,1,1
0,1,0,0,0,1
0,0,0,0,0,1
0,1,0,0,0,1
1,1,1,1,0,0
0,0,0,0,0,1
0,0,0,1,0,1
0,0,0,0,0,1
0,0,0,0,1,1
1,1,1,1,0,1
0,0,1,0,0,1
1,1,1,1,1,1
1,1,1,1,1,1
1,1,1,1,0,0
1,0,0,0,1,1
1,1,1,1,1,1
1,1,0,1,0,1
0,0,0,0,0,1
1,1,1,1,1,1
0,0,1,0,0,1
1,0,1,0,1,1
1,1,1,1,0,0
0,0,0,0,0,1
0,0,0,0,1,1
0,0,0,0,0,1
1,1,0,0,0,1
1,1,1,1,1,1
0,1,0,0,0,1
0,0,0,0,1,1
1,1,1,1,0,0
0,0,1,0,0,1
0,1,0,0,0,1
1,0,1,1,0,0
1,1,0,0,0,1
0,1,1,1,1,1
1,1,1,1,1,0
1,1,1,1,1,1
1,1,1,1,1,1
0,0,0,0,0,1
1,1,1,1,0,0
1,0,1,0,0,0
1,0,1,1,0,1
0,0,1,0,1,1
0,0,1,1,0,1
0,0,0,0,1,1
1,0,1,1,0,0
0,0,0,0,0,0
0,0,0,0,0,1
0,0,0,0,1,1
1,1,1,1,1,1
1,1,1,1,1,1
1,1,1,1,0,0
1,1,0,1,1,0
0,0,0,0,0,1
1,1,1,1,0,1
0,0,0,0,0,1
0,0,0,0,0,1
0,1,0,0,0,1
1,1,1,1,1,1
1,0,1,0,1,1
0,1,0,0,1,1
1,0,1,1,0,1
0,1,1,1,1,1
1,1,1,1,1,0
0,0,0,0,0,1
1,1,1,1,1,1
0,0,1,0,1,1
1,0,0,1,1,1
1,1,0,0,0,1
0,0,1,0,0,1
1,1,1,1,1,0
0,0,1,1,0,1
1,0,1,1,0,0
1,1,1,1,1,1
0,0,1,0,1,1
1,1,1,1,0,0
0,0,1,1,0,1
1,1,1,1,0,0
0,0,0,0,1,1
1,1,1,1,1,0
0,0,0,0,0,1
1,1,1,0,0,1
1,1,0,0,1,1
1,1,0,0,1,0
1,1,1,1,0,0
1,1,1,1,1,1
0,0,0,0,1,1
1,1,1,1,1,1
0,0,0,0,1,1
0,0,0,0,0,1
0,0,0,0,0,0
0,0,1,1,0,1
0,0,1,1,0,0
1,1,1,1,1,1
0,0,0,0,1,1
0,0,0,0,0,1
1,0,1,0,0,1
1,1,1,1,0,0
1,1,1,1,1,0
0,1,1,1,1,1
1,1,1,1,0,1
1,1,0,0,1,1
1,1,1,1,1,1
1,1,1,1,1,0
1,1,1,1,1,0
1,1,1,1,0,1
0,0,0,0,0,1
1,0,0,0,0,1
0,0,0,0,0,1
1,1,1,1,0,0
0,0,1,0,0,1
1,1,1,1,1,0
0,1,1,1,0,1
1,0,0,0,1,1
1,1,0,1,1,1
0,0,0,1,0,1
1,0,0,0,0,1
0,1,1,1,1,1
1,1,1,1,1,1
1,0,1,1,0,1
0,0,1,1,1,1
1,1,1,1,0,1
1,1,0,1,1,1
1,0,0,0,1,1
1,1,1,1,1,1
0,0,1,1,1,1
0,0,0,0,0,1
1,1,0,1,0,0
0,1,1,1,0,1
0,1,1,1,1,1
0,0,0,0,0,1
1,0,1,1,1,1
1,0,1,1,0,0
0,0,0,0,0,1
1,1,0,1,0,0
0,1,0,0,1,1
1,1,0,0,1,1
1,1,1,0,0,1
1,0,0,0,0,1
1,1,1,1,1,1
1,1,1,1,0,0
1,1,1,1,1,0
1,0,1,0,1,1
0,0,1,0,1,1
0,0,0,0,0,1
0,1,0,0,0,1
1,1,0,0,1,0
0,0,0,0,0,1
1,0,0,1,0,1
1,1,1,1,0,1
0,1,1,1,1,1
0,0,1,1,0,1
0,1,0,0,1,1
1,1,0,1,0,1
1,0,1,0,1,1
1,1,1,1,1,1
0,0,0,0,0,1
1,0,1,0,1,1
0,0,0,0,1,1
1,0,0,0,0,1
0,1,0,0,1,1
0,0,0,0,0,1
1,0,0,1,0,1
1,1,1,0,0,1
1,0,1,0,0,1
1,1,0,0,0,1
0,1,0,0,0,1
0,0,1,0,1,1
0,0,1,0,1,0
1,1,1,1,1,0
0,1,1,1,1,1
1,1,1,0,0,1
1,1,1,1,0,0
0,0,0,0,1,1
1,1,1,1,1,1
1,1,0,0,0,1
1,1,1,1,1,1
0,0,0,0,1,1
1,0,1,1,0,0
1,1,0,0,1,1
1,1,1,1,1,1
1,0,1,1,1,1
0,1,1,1,0,0
1,0,1,0,0,0
1,1,0,1,1,1
0,0,0,0,0,0
0,0,0,0,0,1
1,1,1,1,0,0
0,0,0,0,1,1
0,0,0,0,0,1
1,1,0,0,0,1
1,1,0,0,0,1
0,0,0,0,0,1
0,0,1,0,1,1
0,0,0,0,0,1
0,0,0,0,1,1
0,0,0,0,1,1
0,0,0,0,1,1
0,0,1,0,1,1
0,0,1,1,1,1
1,1,1,1,0,1
0,0,1,1,1,1
1,1,1,1,1,1
0,1,0,0,0,0
0,1,0,1,0,1
1,1,1,1,1,1
1,1,0,0,0,1
1,1,0,0,0,1
1,0,1,1,0,0
0,1,1,1,1,1
1,0,0,0,0,1
1,1,1,1,1,1
1,0,1,0,0,1
1,0,0,0,0,1
0,0,0,0,1,1
0,0,1,1,1,1
1,1,1,1,0,0
0,0,0,0,0,1
1,1,0,1,1,1
1,1,0,1,0,0
1,1,1,1,0,1
0,0,0,0,0,1
0,0,1,1,1,1
0,1,0,0,0,0
1,1,1,1,0,0
1,1,1,1,1,0
1,1,1,1,1,0
1,1,1,1,0,1
1,1,0,0,0,1
0,0,1,0,0,1
1,1,1,1,1,1
1,1,1,1,1,0
1,1,0,0,1,1
1,1,1,1,0,1
1,1,0,0,0,1
0,0,0,0,1,1
1,1,0,1,1,0
0,1,0,0,0,1
0,0,0,0,1,1
1,1,1,1,1,1
0,0,0,0,0,1
1,0,0,0,1,1
1,0,1,0,1,1
0,0,0,0,1,1
0,0,0,0,1,1
1,1,1,1,0,1
0,0,0,0,0,1
0,1,0,1,1,1
0,0,0,0,0,1
0,0,1,0,0,1
1,1,1,1,1,0
0,1,0,0,0,1
1,0,0,1,0,0
1,1,1,1,1,1
1,0,1,0,0,1
1,1,1,1,0,0
